{"IcoMoonType":"selection","icons":[{"icon":{"paths":["M863.429 603.429c0 1.143 0 2.857-0.571 4-48.571 202.286-215.429 343.429-426.286 343.429-111.429 0-219.429-44-300.571-121.143l-73.714 73.714c-6.857 6.857-16 10.857-25.714 10.857-20 0-36.571-16.571-36.571-36.571v-256c0-20 16.571-36.571 36.571-36.571h256c20 0 36.571 16.571 36.571 36.571 0 9.714-4 18.857-10.857 25.714l-78.286 78.286c53.714 50.286 125.143 78.857 198.857 78.857 101.714 0 196-52.571 249.143-139.429 13.714-22.286 20.571-44 30.286-66.857 2.857-8 8.571-13.143 17.143-13.143h109.714c10.286 0 18.286 8.571 18.286 18.286zM877.714 146.286v256c0 20-16.571 36.571-36.571 36.571h-256c-20 0-36.571-16.571-36.571-36.571 0-9.714 4-18.857 10.857-25.714l78.857-78.857c-54.286-50.286-125.714-78.286-199.429-78.286-101.714 0-196 52.571-249.143 139.429-13.714 22.286-20.571 44-30.286 66.857-2.857 8-8.571 13.143-17.143 13.143h-113.714c-10.286 0-18.286-8.571-18.286-18.286v-4c49.143-202.857 217.714-343.429 428.571-343.429 112 0 221.143 44.571 302.286 121.143l74.286-73.714c6.857-6.857 16-10.857 25.714-10.857 20 0 36.571 16.571 36.571 36.571z"],"width":877.7142857142857,"attrs":[],"isMulticolor":false,"isMulticolor2":false,"tags":["refresh"],"defaultCode":61473,"grid":14},"attrs":[],"properties":{"name":"refresh","id":34,"order":24,"prevSize":28,"code":61473},"setIdx":0,"setId":2,"iconIdx":34},{"icon":{"paths":["M790.857 529.714l-758.857 421.714c-17.714 9.714-32 1.143-32-18.857v-841.143c0-20 14.286-28.571 32-18.857l758.857 421.714c17.714 9.714 17.714 25.714 0 35.429z"],"width":808.5942857142857,"attrs":[],"isMulticolor":false,"isMulticolor2":false,"tags":["play"],"defaultCode":61515,"grid":14},"attrs":[],"properties":{"name":"play","id":75,"order":18,"prevSize":28,"code":61515},"setIdx":0,"setId":2,"iconIdx":75},{"icon":{"paths":["M877.714 109.714v804.571c0 20-16.571 36.571-36.571 36.571h-292.571c-20 0-36.571-16.571-36.571-36.571v-804.571c0-20 16.571-36.571 36.571-36.571h292.571c20 0 36.571 16.571 36.571 36.571zM365.714 109.714v804.571c0 20-16.571 36.571-36.571 36.571h-292.571c-20 0-36.571-16.571-36.571-36.571v-804.571c0-20 16.571-36.571 36.571-36.571h292.571c20 0 36.571 16.571 36.571 36.571z"],"width":877.7142857142857,"attrs":[],"isMulticolor":false,"isMulticolor2":false,"tags":["pause"],"defaultCode":61516,"grid":14},"attrs":[],"properties":{"name":"pause","id":76,"order":26,"prevSize":28,"code":61516},"setIdx":0,"setId":2,"iconIdx":76},{"icon":{"paths":["M877.714 109.714v804.571c0 20-16.571 36.571-36.571 36.571h-804.571c-20 0-36.571-16.571-36.571-36.571v-804.571c0-20 16.571-36.571 36.571-36.571h804.571c20 0 36.571 16.571 36.571 36.571z"],"width":877.7142857142857,"attrs":[],"isMulticolor":false,"isMulticolor2":false,"tags":["stop"],"defaultCode":61517,"grid":14},"attrs":[],"properties":{"name":"stop","id":77,"order":19,"prevSize":28,"code":61517},"setIdx":0,"setId":2,"iconIdx":77},{"icon":{"paths":["M694.857 548.571v-73.143c0-20-16.571-36.571-36.571-36.571h-146.286v-146.286c0-20-16.571-36.571-36.571-36.571h-73.143c-20 0-36.571 16.571-36.571 36.571v146.286h-146.286c-20 0-36.571 16.571-36.571 36.571v73.143c0 20 16.571 36.571 36.571 36.571h146.286v146.286c0 20 16.571 36.571 36.571 36.571h73.143c20 0 36.571-16.571 36.571-36.571v-146.286h146.286c20 0 36.571-16.571 36.571-36.571zM877.714 512c0 242.286-196.571 438.857-438.857 438.857s-438.857-196.571-438.857-438.857 196.571-438.857 438.857-438.857 438.857 196.571 438.857 438.857z"],"width":877.7142857142857,"attrs":[],"isMulticolor":false,"isMulticolor2":false,"tags":["plus-circle"],"defaultCode":61525,"grid":14},"attrs":[],"properties":{"name":"plus-circle","id":84,"order":20,"prevSize":28,"code":61525},"setIdx":0,"setId":2,"iconIdx":84},{"icon":{"paths":["M694.857 548.571v-73.143c0-20-16.571-36.571-36.571-36.571h-438.857c-20 0-36.571 16.571-36.571 36.571v73.143c0 20 16.571 36.571 36.571 36.571h438.857c20 0 36.571-16.571 36.571-36.571zM877.714 512c0 242.286-196.571 438.857-438.857 438.857s-438.857-196.571-438.857-438.857 196.571-438.857 438.857-438.857 438.857 196.571 438.857 438.857z"],"width":877.7142857142857,"attrs":[],"isMulticolor":false,"isMulticolor2":false,"tags":["minus-circle"],"defaultCode":61526,"grid":14},"attrs":[],"properties":{"name":"minus-circle","id":85,"order":21,"prevSize":28,"code":61526},"setIdx":0,"setId":2,"iconIdx":85},{"icon":{"paths":["M920.571 554.857c0 19.429-8 37.714-21.143 51.429l-42.857 42.857c-13.714 13.714-32.571 21.714-52 21.714s-38.286-8-51.429-21.714l-168-167.429v402.286c0 41.143-34.286 66.857-73.143 66.857h-73.143c-38.857 0-73.143-25.714-73.143-66.857v-402.286l-168 167.429c-13.143 13.714-32 21.714-51.429 21.714s-38.286-8-51.429-21.714l-42.857-42.857c-13.714-13.714-21.714-32-21.714-51.429s8-38.286 21.714-52l372-372c13.143-13.714 32-21.143 51.429-21.143s38.286 7.429 52 21.143l372 372c13.143 13.714 21.143 32.571 21.143 52z"],"width":950.8571428571428,"attrs":[],"isMulticolor":false,"isMulticolor2":false,"tags":["arrow-up"],"defaultCode":61538,"grid":14},"attrs":[],"properties":{"name":"arrow-up","id":96,"order":16,"prevSize":28,"code":61538},"setIdx":0,"setId":2,"iconIdx":96},{"icon":{"paths":["M920.571 475.429c0 19.429-8 38.286-21.143 51.429l-372 372.571c-13.714 13.143-32.571 21.143-52 21.143s-38.286-8-51.429-21.143l-372-372.571c-13.714-13.143-21.714-32-21.714-51.429s8-38.286 21.714-52l42.286-42.857c13.714-13.143 32.571-21.143 52-21.143s38.286 8 51.429 21.143l168 168v-402.286c0-40 33.143-73.143 73.143-73.143h73.143c40 0 73.143 33.143 73.143 73.143v402.286l168-168c13.143-13.143 32-21.143 51.429-21.143s38.286 8 52 21.143l42.857 42.857c13.143 13.714 21.143 32.571 21.143 52z"],"width":950.8571428571428,"attrs":[],"isMulticolor":false,"isMulticolor2":false,"tags":["arrow-down"],"defaultCode":61539,"grid":14},"attrs":[],"properties":{"name":"arrow-down","id":97,"order":17,"prevSize":28,"code":61539},"setIdx":0,"setId":2,"iconIdx":97},{"icon":{"paths":["M731.429 859.429c0 9.714-8.571 18.286-18.286 18.286h-548.571c-21.143 0-18.286-22.286-18.286-36.571v-329.143h-109.714c-20 0-36.571-16.571-36.571-36.571 0-8.571 2.857-17.143 8.571-23.429l182.857-219.429c6.857-8 17.143-12.571 28-12.571s21.143 4.571 28 12.571l182.857 219.429c5.714 6.286 8.571 14.857 8.571 23.429 0 20-16.571 36.571-36.571 36.571h-109.714v219.429h329.143c5.143 0 10.857 2.286 14.286 6.286l91.429 109.714c2.286 3.429 4 8 4 12zM1097.143 621.714c0 8.571-2.857 17.143-8.571 23.429l-182.857 219.429c-6.857 8-17.143 13.143-28 13.143s-21.143-5.143-28-13.143l-182.857-219.429c-5.714-6.286-8.571-14.857-8.571-23.429 0-20 16.571-36.571 36.571-36.571h109.714v-219.429h-329.143c-5.143 0-10.857-2.286-14.286-6.857l-91.429-109.714c-2.286-2.857-4-7.429-4-11.429 0-9.714 8.571-18.286 18.286-18.286h548.571c21.143 0 18.286 22.286 18.286 36.571v329.143h109.714c20 0 36.571 16.571 36.571 36.571z"],"width":1097.142857142857,"attrs":[],"isMulticolor":false,"isMulticolor2":false,"tags":["retweet"],"defaultCode":61561,"grid":14},"attrs":[],"properties":{"name":"retweet","id":115,"order":25,"prevSize":28,"code":61561},"setIdx":0,"setId":2,"iconIdx":115},{"icon":{"paths":["M665.714 650.857l58.286-58.286c14.286-14.286 14.286-37.143 0-51.429l-259.429-259.429c-14.286-14.286-37.143-14.286-51.429 0l-259.429 259.429c-14.286 14.286-14.286 37.143 0 51.429l58.286 58.286c14.286 14.286 37.143 14.286 51.429 0l175.429-175.429 175.429 175.429c14.286 14.286 37.143 14.286 51.429 0zM877.714 512c0 242.286-196.571 438.857-438.857 438.857s-438.857-196.571-438.857-438.857 196.571-438.857 438.857-438.857 438.857 196.571 438.857 438.857z"],"width":877.7142857142857,"attrs":[],"isMulticolor":false,"isMulticolor2":false,"tags":["chevron-circle-up"],"defaultCode":61753,"grid":14},"attrs":[],"properties":{"name":"chevron-circle-up","id":280,"order":22,"prevSize":28,"code":61753},"setIdx":0,"setId":2,